<?xml version="1.0" encoding="UTF-8"?>
<rss version="2.0" xmlns:atom="http://www.w3.org/2005/Atom">
  <channel>
    <title>Your awesome title</title>
    <description>Write an awesome description for your new site here. You can edit this line in _config.yml. It will appear in your document head meta (for Google search results) and in your feed.xml site description.
</description>
    <link>http://yourdomain.com/</link>
    <atom:link href="http://yourdomain.com/feed.xml" rel="self" type="application/rss+xml"/>
    <pubDate>Fri, 05 Dec 2014 20:43:47 +0800</pubDate>
    <lastBuildDate>Fri, 05 Dec 2014 20:43:47 +0800</lastBuildDate>
    <generator>Jekyll v2.5.2</generator>
    
      <item>
        <title>Zhounianqing</title>
        <description>&lt;table &gt;&lt;h2 align=&quot;center&quot;&gt;天使云乐园养老院举行盛大周年庆典活动&lt;/h2&gt;
			
			&lt;div align=&quot;center&quot; class=&#39;hujux&#39;&gt;
      &lt;p&gt;2014年11月18日，是天使云乐园养老院正式开业运行一周年纪念日，天使云乐园养老院在院内举行了隆重热烈的庆祝联欢活动．&lt;/p&gt;
       &lt;img width=&#39;90%&#39; src=&#39;/img/zhounianqing3.jpg&#39;&gt;&lt;/img&gt;
              &lt;p&gt;

院长钟琴女士介绍了一年来养老院运行情况，院民代表李家龙爹爹谈了他（她）们入院以来的切身感受。&lt;/p&gt; &lt;img width=&#39;90%&#39; src=&#39;/img/zhounianqing11.jpg&#39;&gt;&lt;/img&gt; &lt;p&gt;由天使韵艺术团的演员表演了歌舞、戏曲、小品等精彩的节目，市老年大学太极拳剑、摄影、管乐、戏曲、歌咏、电子琴、舞蹈等班级学员100多学员参加了天使云乐园养老院举行了周年庆典，为了感谢社会各界的关心，让更多的人了解养老院的情况，天使云乐园养老院特邀请了二百名社会上６５岁以上的老人参加庆典活动，参观养老院的优美环境和硬件设施，并品尝午餐，赠送了精美的纪念品。&lt;/p&gt; &lt;img width=&#39;90%&#39;  src=&#39;/img/zhounianqing7.jpg&#39;&gt;&lt;/img&gt;&lt;p&gt;来自孝感、应城老年大学及入住的老人子女自发的组成的义工，为老人提供服务，为使活动得以顺利开展做出了贡献。&lt;/p&gt; &lt;img width=&#39;90%&#39;  src=&#39;/img/zhounianqing8.jpg&#39;&gt;&lt;/img&gt;&lt;p&gt;

一年来，天使云乐园养老院在各级党委、政府的正确领导和社会各部门的大力支持下，在市民政部门的具体指导下，本着“一切为了老人，为了老人的一切”宗旨，养老院各项工作充分得到了上级的肯定和院民的普遍认同。各项设施堪称一流，各项管理进一步规范，服务质量不断改善，老人们生活、生命质量在这里得到不断提升，精神养老、文化养老在这里得到充分体现。&lt;/p&gt;&lt;img width=&#39;100%&#39; src=&#39;/img/zhounianqing5.jpg&#39;&gt;&lt;/img&gt;&lt;p&gt;入住院民越来越多，现已初具规模，这里已经真正成为老人们养老的乐园。&lt;/p&gt;&lt;h3 align=&quot;center&quot;&gt;“老有所养”不是梦 “天使乐园”胜金窝&lt;/h3&gt;

&lt;p&gt;
天使云里布福多，
老唱“郭劲光”京歌。
字正腔圆中气足，
大家听后乐呵呵！
“老有所养”不是梦，
“天使乐园”胜金窝。（注）
奔走相告庆典事，
报名入住好涌跃！
不由义工心澎湃，
激情吟诗再唱合！&lt;/p&gt;&lt;p&gt;&amp;nbsp;&lt;/p&gt;&lt;p&gt;&amp;nbsp;&lt;/p&gt;

注：应城人有句老说法：金窝、银窝，不如自己的穷窝，
只因天使云乐园养老院比自己的家都好，所以“胜金窝”。&lt;/p&gt;
			  &lt;p&gt;&amp;nbsp;&lt;/p&gt;
                &lt;p&gt;&amp;nbsp;&lt;/p&gt;
             &lt;p align=&quot;left&quot; style=&quot;padding:10px 15px&quot;&gt;&amp;nbsp;&lt;/p&gt;&lt;/div&gt;
			  &lt;/table&gt;</description>
        <pubDate>Sat, 29 Nov 2014 00:00:00 +0800</pubDate>
        <link>http://yourdomain.com/web/zhounianqing/index.html</link>
        <guid isPermaLink="true">http://yourdomain.com/web/zhounianqing/index.html</guid>
        
        
      </item>
    
      <item>
        <title>Lingdaoguanhuai</title>
        <description>&lt;table &gt;
            &lt;h2 align=&quot;center&quot;&gt;领导关怀&lt;/h2&gt;
			&lt;div align=&quot;center&quot;&gt; 
              &lt;p align=&quot;center&quot; style=&quot;padding:10px 15px&quot;&gt;
              &lt;div class=&quot;hujux&quot;&gt;
                

			
                    
                  &lt;img src=&quot;/img/diaoyan2.jpg&quot;  width=&quot;70%&quot; border=&quot;0&quot;&gt;
                &lt;br&gt;
                  &lt;img src=&quot;/img/diaoyan1.jpg&quot;  width=&quot;70%&quot; border=&quot;0&quot;/&gt;
                &lt;/p&gt;
                湖北省民政厅党组书记、厅长彭军在天使云乐园养老院进行调研&lt;br&gt;&lt;br&gt;
                &lt;/div&gt;
                &lt;div class=&quot;hujux&quot;&gt;&lt;br&gt;
                

      
                    &lt;br&gt;
                  &lt;img src=&quot;/img/diaoyan3.jpg&quot;  width=&quot;70%&quot; border=&quot;0&quot;&gt;
                &lt;br&gt;
                  &lt;img src=&quot;/img/diaoyan4.jpg&quot;  width=&quot;70%&quot; border=&quot;0&quot;/&gt;
                &lt;br&gt;
                  &lt;img src=&quot;/img/diaoyan5.jpg&quot;  width=&quot;70%&quot; border=&quot;0&quot;/&gt;
                
                &lt;br&gt;湖北省孝感市委书记陶虹来天使云乐园养老院看望老人&lt;br&gt;
                &lt;/p&gt;
                &lt;/div&gt;
			  &lt;p&gt;&amp;nbsp;&lt;/p&gt;
                &lt;p&gt;&amp;nbsp;&lt;/p&gt;
             &lt;p align=&quot;left&quot; style=&quot;padding:10px 15px&quot;&gt;&amp;nbsp;&lt;/p&gt;
			  &lt;/div&gt;
       &lt;/table&gt;</description>
        <pubDate>Fri, 28 Nov 2014 00:00:00 +0800</pubDate>
        <link>http://yourdomain.com/web/lingdaoguanhuai/index.html</link>
        <guid isPermaLink="true">http://yourdomain.com/web/lingdaoguanhuai/index.html</guid>
        
        
      </item>
    
      <item>
        <title>Yingchengtianshiyunleyuanyanglaoyuantanfang</title>
        <description>&lt;table &gt;&lt;h2 align=&quot;center&quot;&gt;应城天使云乐园养老院探访&lt;/h2&gt;
			&lt;p class=&#39;tushi&#39; align=&quot;center&quot;&gt;来源：孝感日报&lt;/p&gt;
              
			&lt;div class=&#39;hujux&#39;&gt;
              &lt;p&gt;应城网——孝感日报讯：一座六层综合楼前，依次分布着6座徽派建筑的四合院。青松翠竹，园林绿地，块石曲径。秀美的景色，把位于应城城区体育路北端赵畈村的一片庭院，装扮得分外清爽、宁静而祥和。
    去年6月，应城市社会福利中心竣工。总投资5000万元、建筑面积2.4万平方米、设计床位600张的这些建筑，还只是这家社会福利中心的一期工程，但它却以崭新的面貌，掀开了应城市社会福利事业新的一页。&lt;/p&gt;
			   &lt;img width=&#39;100%&#39; height=&#39;100%&#39; src=&#39;/img/zhengti2.jpg&#39;&gt;&lt;/img&gt;
              &lt;h3&gt;公建民营模式&lt;/h3&gt;
              &lt;p&gt;    新的建筑，带来新的面貌。富有创意的是，以此福利中心为平台，福利中心的主管部门应城市民政局，引进湖北智衡人生健康管理有限公司，创设“公建民营”的运营模式，开全省此类福利中心“公建民营”之先河，更为养老事业的改革与发展，作出了积极探索和生动实践。&lt;/p&gt;
             &lt;br /&gt;
               &lt;p&gt; 所谓智衡，指的是智慧而平衡的人生。即，生活有规律，营养讲均衡，动静两结合，健康又快乐。总部设在武汉的湖北智衡公司，是一家专业从事老人儿童养护、社区养老服务、人生健康管理咨询的公司。
    2013年6月20日，应城市民政局与湖北智衡公司达成合作协议，在保持社会福利中心公益性质不变、服务宗旨不变、国有产权不变的前提下，智衡公司承包经营福利中心，首次签约经营期为15年。&lt;/p&gt;
              &lt;p&gt; 应城市社会福利中心，包括服务优抚对象的光荣院、城市“三无”对象的福利院和孤残儿童福利院三院。同时，中心“三院”之外的床位，面向社会代养老年人。应城市民政局负责人说，随着人口老龄化社会的到来，养老事业，成为不能不深入研究和探讨的问题。&lt;/p&gt;
              &lt;p&gt; 与“公建民营”相对应的传统“公建公营”模式，民政部门既是管理员，又是服务员，不利于服务质量等方面的监管。实行“公建民营”，养老服务公司开展专业化、精细化、标准化养老服务，自主经营、自负盈亏并接受监管。民政部门对政府投资资产清查登记，参与合作方重大经营决策，开展业务指导、安全检查和服务质量考核，督促合作方建立责任追究等制度。政府与企业的责任边界，得到了界定和强化。&lt;/p&gt;
              &lt;p&gt; 经营管理签约后，智衡公司派出管理团队进驻福利中心，随后注册成立了湖北应城市天使云乐园养老院。在满足老年人日常生活所需硬件的基础上，养老院开设了超市、棋牌室、按摩室、理发室、乒乓球室、影像室、手工制作室、美工室、阅览室、夏天集中纳凉点、冬天集中取暖点，室外设置了门球场、羽毛球场、活动器材健身区、垂钓区等。&lt;/p&gt;
              &lt;p&gt; 为方便老人们消费活动，养老院在超市、理发室等地方都安装了刷卡机，凡购物消费、有偿服务等，都可使用院内“一卡通”刷卡消费。同时，养老院还开设了客房、筵席包间等服务，方便老人与老人家属团聚。&lt;/p&gt;
              &lt;p&gt;  老年人群，也是疾病多发人群。养老院申办了院医务室，聘请了专业医护人员，购置了医疗器材，配备了常用药品。医务室除了及时为院民提供医疗服务，还进行例行体检、防病消毒等工作。他们还与应城市医疗部门建立合作关系，保障危重老人的转诊和就治。&lt;h3&gt;正式运营&lt;/h3&gt;
                &lt;p&gt;  一切都是崭新的。经过精心的准备，去年10月，养老院试营运，11月正式开业。
  悠扬的琴声中，字正腔圆的唱腔：“劝千岁，杀字休出口，老臣与主说从头……”今年69岁的陈佑生爹爹摆出架势，把京剧《甘露寺》中的唱段，演绎得生动传神。可去年10月陈爹爹入院时，却不是今天的这般模样。&lt;/p&gt;
              &lt;p&gt;   当时，陈爹爹的老伴刚去世，腿脚不方便的他，坐着轮椅进得院门，口齿不清，食欲不振。院护理员从精神慰藉入手，跟老人家拉家常；从营养调理入手，精心安排老人家的饮食。随后，护理员又每天推着轮椅陪他散心。得知陈爹爹有唱京剧的爱好和特长，院琴师特地为他配琴，这下，老人家的精神头大振，慢慢地，他甩掉了轮椅，还帮着推别的入院老人的轮椅行走。院文化娱乐活动，陈爹爹会亮出一手“绝活”，每当这个时候，他会赢得院民的阵阵喝彩。&lt;/p&gt;
              &lt;p&gt; 天使云乐园员工，拥有专业技能，并统一着装上岗。根据老年人智力、体能特点，院社工部和护理部，专门为院民编排了适合老年人的十指操、保健操等运动操。每日上午查房后，院民们要在社工的带领下，统一做运动操。这些运动操有唱有和、有问有答，手脑配合，活动了脑筋，锻炼了身体，健身益寿。&lt;/p&gt;
              &lt;p&gt; 每日下午，院里还定时举行演唱或电影影视放映等文化娱乐活动。这些歌曲主要是革命“红歌”或旧曲新词的歌曲。所放映的电影，也主要是战斗故事片或老电影。傍晚时分，福利中心成了附近市民广场舞的大舞台。每当这个时候，院民们会在护理员的陪护下，参与广场舞的活动。 把老人们的日常活动排满，让活动常办常新。养老院定时开放安装有多台数控健身器的健身房，又根据老人们的不同情况，分别组织球类运动或手工制作、书画练习或诗词创作。一个专业团队的专业化管理，让养老院成了老人们的乐园。&lt;/p&gt;
              &lt;p&gt; 养老院开业不久，他们还申请成立了应城市老年人大学天使云乐园分校。应城市老年人大学，全国知名老年人大学。以此分校为基地，养老院组织院民开展文化娱乐活动或听讲座。分校还与校本部或校外班开展联谊活动，增加了院民与社会的交往，也使院民们老有所养、老有所乐、老有所学、老有所为。&lt;h3&gt;“四无、五关心、六洁、七知道”&lt;/h3&gt;&lt;p&gt;
                  为老人们服务，养老院编制了成套的护理流程，其中包括“四无、五关心、六洁、七知道”。比如“四无”，指的是无压疮、无坠床、无烫伤、无跌伤。根据护理流程，对老人们的服务，细小到生活的细节。比如对失忆老人，他们的住房房门上，张贴着便于老人识别的牛、羊等图形，而不只是单调的房间号。&lt;/p&gt;
              &lt;p&gt; 9月16日，家住应城市三合镇的晏婆婆被接进养老院。老人家因生病又无人照看，长期卧床不起，“满圆脸、水牛背、大肚皮”的她，体重一百八十斤，身上有多处褥疮，还散发着极难闻的气味。&lt;/p&gt;
              &lt;p&gt;  一入院,护理部员工把晏婆婆抬到盥洗间，从头到脚，一点点为老人家作了清洗。为褥疮敷药，着一身干爽的衣服，淡雅的洗涤液香味中，护理员一缕缕为婆婆吹干梳理头发，晏婆婆含着泪水说：“快半年了，我都没洗个澡。”考虑到晏婆婆如厕的方便，养老院为老人换上了坐便器的坐椅。为方便婆婆就餐，养老院院长钟琴特地到城里想为婆婆买一张床上餐桌，结果跑了许多的家具店都没买到。为此，养老院后勤部量着尺寸，为晏婆婆制作了一张餐桌。&lt;/p&gt;
              &lt;p&gt; 提高院民生活质量，维护老人们的体面和尊严。今年92岁的安友芝婆婆有五个子女先后去世，入院的时候，大小便失禁。护理员一日三餐为老人喂食，为老人换洗，帮老人翻身。给老人洗澡后，又为老人修脚指甲，捶背，还时常搀扶老人到室外晒太阳。每次，护理部主任卢俊萍到她的房间，安婆婆都要拉着卢俊萍的手，一口一声说：“我的儿呀，我的乖呀，我不晓得，你们对我这样的好！”卢俊萍笑着说：“婆婆，我们不只是对您一个好，我们是对大家都好。”&lt;/p&gt;
              &lt;p&gt; 目前，天使云乐园养老院收养的老人已达到102人。分管业务的副院长吕振华说：“我们的工作，还只是刚刚开始。”（管淳　张婷）&lt;/p&gt;
              &lt;p align=&quot;left&quot; style=&quot;padding:10px 15px&quot;&gt;&amp;nbsp;&lt;/p&gt;
			 &lt;/table&gt;</description>
        <pubDate>Thu, 27 Nov 2014 00:00:00 +0800</pubDate>
        <link>http://yourdomain.com/web/yingchengtianshiyunleyuanyanglaoyuantanfang/index.html</link>
        <guid isPermaLink="true">http://yourdomain.com/web/yingchengtianshiyunleyuanyanglaoyuantanfang/index.html</guid>
        
        
      </item>
    
      <item>
        <title>Yingchengshizaiquanshengshuaixiantuixinggongjianminyingyanglaomoshi</title>
        <description>&lt;table  align=&quot;center&quot;&gt;&lt;h2 align=&quot;center&quot;&gt;应城市在全省率先推行“公建民营”养老模式&lt;/h2&gt;
			
              &lt;p align=&quot;left&quot; style=&quot;padding:10px 15px&quot;&gt;&lt;span class=&quot;huju&quot;&gt;&lt;br&gt;
                &lt;/span&gt;&lt;/p&gt;
			&lt;div class=&#39;hujux&#39;&gt;
			
              &lt;p class=&#39;tushi&#39; align=&quot;center&quot;&gt;来源：新华网湖北频道&lt;br /&gt;
                  &lt;img  src=&quot;/img/yingchengshizaiquanshengshuaixiantuixinggongjianminyingmoshi_clip_image001.gif&quot; alt=&quot;应城市社会福利中心大门&quot; width=&quot;450&quot; height=&quot;600&quot; border=&quot;0&quot; /&gt;&lt;br /&gt;
                应城市社会福利中心大门。贾旭东摄 &lt;br /&gt;&lt;/p&gt;
  &lt;p&gt;新华网湖北频道10月24日电（贾旭东）由政府出资修建，再交由社会专业团队运营，湖北省应城市在全省率先推行“公建民营”的养老模式。近日，新落成的位于应城市城北的社会福利中心将正式开始运营。 &lt;br /&gt;
  这个近日将正式开始运营的社会福利中心，给人印象最深的是其中孝文化的四处彰显。 &lt;/p&gt;&lt;br /&gt;
  &lt;div align=&quot;center&quot;&gt;&lt;img src=&quot;/img/yingchengshizaiquanshengshuaixiantuixinggongjianminyingmoshi_clip_image004.gif&quot; alt=&quot;应城市社会福利中心大院景观石上，朴实话语动人心弦。&quot; width=&quot;450&quot; height=&quot;600&quot; border=&quot;0&quot; /&gt; &lt;/div&gt;
               &lt;p class=&#39;tushi&#39; align=&quot;center&quot;&gt; 应城市社会福利中心大院景观石上，朴实话语动人心弦。贾旭东摄 &lt;/p&gt;&lt;br /&gt;
 &lt;p&gt;“如果他们老了，不要责难他们大小便失禁弄脏了衣裤，他们也曾经因此为你端尿擦屎；不要嫌弃他们弯腰驼背脚步迟缓，他们也曾扶着你直起腰杆蹒跚学步；不要责怪他们把饭菜口水打湿了衣服，他们也曾因此为你送水喂食……”在社会福利中心大院中间的景观巨石上，这些朴实的话语动人心弦。这些都是应城市民政局局长黄金想一字一句斟酌出来的。“大声念出来，背诵下来”，也将是往后“乐天园”所有人员上岗前的必修课。 &lt;br /&gt;&lt;/p&gt;&lt;p&gt;
  据介绍，这座集福利院、光荣院、儿童福利院“三位一体”的福利中心,总占地面积100亩，总建设面积4万平方米，总投资1亿元，建设床位1200张，工程分两期建设，目前一期投入已完成。此前，应城市社会福利院存在的规模小、供养能力差、供养水平低的问题。市委、市政府高度重视，该项目先后被应城市政府和孝感市政府列为实事工程。 &lt;/p&gt;&lt;p&gt;
  &amp;nbsp;&amp;nbsp;&amp;nbsp;&amp;nbsp;在应城市社会福利中心投建先期，该市民政局相关人员就远赴外地考察学习“公建民营”的养老模式，积极探索新型养老服务新路子——挖掘社会资源，探索精细化、专业化、标准化、职业化。 &lt;br /&gt;&lt;/p&gt;&lt;p&gt;
  2013年6月20日，应城市民政局与湖北智衡人生健康管理有限公司签约，委托其提供专业化养老服务。黄金想介绍说，应城市社会福利中心实施“公建民营”保持“三不变”原则，一是公益性质不变。实行“公建民营”后，由政府购买服务，优先满足“三无”老人、重点优抚对象、孤残儿童的入住需求。二是国有权属不变。政府投入的土地、房产及设施设备国有权属不变。三是服务规范不变。合作方按规定向民政部门申领《社会福利机构设置批准证书》，办理法人登记手续，并遵循《老年人社会福利机构基本规范》等国家、省、市各类行业标准和规范，进行部分安全设施的装修和提供服务。
  &lt;/p&gt;&lt;p&gt;据悉，应城市推行“公建民营”养老模式以及实际操作经验，已吸引湖北省部分市州民政系统同行前往考察学习。&lt;/p&gt; 
              
              
              &lt;/table&gt;</description>
        <pubDate>Wed, 26 Nov 2014 00:00:00 +0800</pubDate>
        <link>http://yourdomain.com/web/yingchengshizaiquanshengshuaixiantuixinggongjianminyingyanglaomoshi/index.html</link>
        <guid isPermaLink="true">http://yourdomain.com/web/yingchengshizaiquanshengshuaixiantuixinggongjianminyingyanglaomoshi/index.html</guid>
        
        
      </item>
    
      <item>
        <title>Chongyangjiehuodong</title>
        <description>      &lt;table &gt;&lt;h2 align=&quot;center&quot;&gt;天使云乐园养老院老人欢度十一，喜迎重阳节&lt;/h2&gt;
      
              &lt;p align=&quot;left&quot; style=&quot;padding:10px 15px&quot;&gt;&lt;span class=&quot;huju&quot;&gt;&lt;br&gt;
                &lt;/span&gt;&lt;/p&gt;
      &lt;div class=&#39;hujux&#39;&gt;
        &lt;p&gt;&lt;/p&gt;
              &lt;div align=&quot;center&quot;&gt;&lt;img width=&quot;70%&quot; src=&quot;/img/chongyangjie.jpg&quot;&gt;&lt;/img&gt;&lt;/div&gt;
              &lt;p&gt;十月一日，九九重阳节，也是我国法律明确规定的老年节。为了让我们天使云乐园养老院的爹爹婆婆们过上一个快乐、祥和节日，院里精心准备了丰富多彩的活动内容。&lt;/p&gt;&lt;div align=&quot;center&quot;&gt;&lt;img width=&quot;70%&quot; src=&quot;/img/chongyangjie2.jpg&quot;&gt;&lt;/img&gt;&lt;/div&gt;&lt;p&gt;应城“天使韵艺术团”是由一批具有文艺特长的退休人员新组建的艺术团体，他们怀着一颗感恩的心用自己的特长和真诚来回报奉献社会，也把他们对老人的关爱带到了养老院，近百位老人们观看了“天使韵艺术团”歌舞、湖北大鼓、楚剧等精彩的表演，老人们也兴致勃勃的表演了竹板舞、京剧和唱歌等节目，现场气氛热烈，欢声笑语不断.&lt;/p&gt;&lt;/p&gt;&lt;div align=&quot;center&quot;&gt;&lt;img width=&quot;70%&quot; src=&quot;/img/chongyangjie3.jpg&quot;&gt;&lt;/img&gt;&lt;/div&gt;&lt;p&gt;活动结束后，全体老人共享午餐，来自各地的家属也陪老人度过了一个快乐的节日。&lt;/p&gt;
        &lt;p&gt;&amp;nbsp;&lt;/p&gt;
                &lt;p&gt;&amp;nbsp;&lt;/p&gt;
             &lt;p align=&quot;left&quot; style=&quot;padding:10px 15px&quot;&gt;&amp;nbsp;&lt;/p&gt;
        
              &lt;/table&gt;</description>
        <pubDate>Wed, 26 Nov 2014 00:00:00 +0800</pubDate>
        <link>http://yourdomain.com/web/chongyangjiehuodong/index.html</link>
        <guid isPermaLink="true">http://yourdomain.com/web/chongyangjiehuodong/index.html</guid>
        
        
      </item>
    
      <item>
        <title>Kaiye</title>
        <description>            &lt;table width=&quot;100%&quot; align=&quot;center&quot;&gt;&lt;h2 align=&quot;center&quot;&gt;应城社会福利中心、天使云乐园养老院开业&lt;/h2&gt;
			
              &lt;p align=&quot;left&quot; style=&quot;padding:10px 15px&quot;&gt;&lt;span class=&quot;huju&quot;&gt;&lt;br&gt;
                &lt;/span&gt;&lt;/p&gt;
			&lt;div class=&#39;hujux&#39;&gt;
              &lt;p&gt;应城网11月19日讯（记者祁媛）：11月18日上午，应城市社会福利中心、市天使云乐园养老院开业。副市长黄红平出席开业仪式。&lt;/p&gt;
              &lt;p&gt;据了解，应城市社会福利中心、市天使云乐园养老院第一期投入5000万元，建设面积2.4万平方米，可容纳600位老人入住，建成综合楼、6栋四合院公寓等主体工程。其中有12000平方米院民楼，2400平方米的儿童宿舍，5600平方米的综合楼和活动室、娱乐室、医疗室、浴室、取暖房、餐厅等。目前，已入住31位老人。&lt;/p&gt;
              &lt;p&gt;在开业仪式上，市老年人大学天使云乐园分校及武汉东湖银龄安养院应城天使云乐园养生养老基地也在此正式挂牌。市老年人大学和孝感市义工联合会向该院捐赠了书画作品及图书。&lt;/p&gt;
              &lt;p&gt;黄红平代表市委、市政府对市社会福利中心的开业运营表示热烈祝贺。黄红平指出，关注老龄问题是任何社会、任何国家和全体社会成员的责任和义务，市社会福利中心的落成使用，是我市社会福利事业示范工程建设的一个新起点，是民政事业发展的一个新突破。&lt;/p&gt;
              &lt;p&gt;黄红平要求，应城市社会福利中心、市天使云乐园养老院要不断学习借鉴先进经验，充分发挥硬件优势，强化管理、科学运营，以一流的服务水平、一流的保障能力、一流的工作业绩，把社会福利中心建设成“三无”人员、孤儿、社会老年人幸福生活的美好家园，为应城经济发展和社会进步做出新的更大贡献。&lt;/p&gt;
              &lt;p&gt;省民政厅、孝感市民政局、孝感市义工联合会及应城市民政局、市老年人大学等相关部门（单位）负责人参加开业仪式。&lt;/p&gt;
              &lt;p align=&quot;left&quot; style=&quot;padding:10px 15px&quot;&gt;&amp;nbsp;&lt;/p&gt;
			  &lt;/div&gt;
              &lt;/table&gt;
            </description>
        <pubDate>Tue, 28 Oct 2014 00:00:00 +0800</pubDate>
        <link>http://yourdomain.com/web/kaiye/index.html</link>
        <guid isPermaLink="true">http://yourdomain.com/web/kaiye/index.html</guid>
        
        
      </item>
    
      <item>
        <title>Yingchengxintianshehuifulizhongxin</title>
        <description>&lt;table&gt;&lt;h2 align=&quot;center&quot;&gt;应城新添社会福利中心--天使云乐园养老院&lt;/h2&gt;
			
              &lt;p align=&quot;left&quot; style=&quot;padding:10px 15px&quot;&gt;&lt;span class=&quot;huju&quot;&gt;&lt;br&gt;
                &lt;/span&gt;&lt;/p&gt;
			&lt;div class=&#39;hujux&#39;&gt;
              &lt;center&gt;
                &lt;a target=&quot;_blank&quot; href=&quot;http://www.ycgdj.com/uploads/140227/11_102944_1.jpg&quot;&gt;&lt;img border=&quot;0&quot; alt=&quot;孝&quot; width=&quot;427&quot; height=&quot;320&quot; src=&quot;http://www.ycgdj.com/uploads/140227/11_102944_1.jpg&quot; /&gt;&lt;/a&gt;&lt;br /&gt;
                 
              &lt;/center&gt;
              &lt;center&gt;
                  
                &lt;br /&gt;
                &lt;a target=&quot;_blank&quot; href=&quot;http://www.ycgdj.com/uploads/140227/11_102908_2.jpg&quot;&gt;&lt;img border=&quot;0&quot; alt=&quot;正门&quot; width=&quot;427&quot; height=&quot;320&quot; src=&quot;http://www.ycgdj.com/uploads/140227/11_102908_2.jpg&quot; /&gt;&lt;/a&gt;&lt;br /&gt;
                 
              &lt;/center&gt;
              &lt;center&gt;
                 
              &lt;/center&gt;
              &lt;div align=&quot;left&quot;&gt;&lt;/div&gt;
              &lt;div align=&quot;left&quot;&gt;　广电网消息（通讯员 魏方毅）湖北省应城市社会福利中心——应城市天使云乐园养老院，是由应城市民政局投资兴建的，坐落于应城市城北街办赵畈村冯家堤118号。是孝感市、应城市两级人民政府十大民生工程之一。&lt;/div&gt;
              &lt;div align=&quot;left&quot;&gt;&lt;br /&gt;
                　　
                笔者进院看到：园区里徽派合院建筑特别引人注目，有六栋大合院，分别为：春蘭苑、夏莲苑、秋枫苑、冬梅苑、劲松苑、竹筠苑，都按照国家老年建筑规范标准设计建造。室内设有单人房，双人房，特护房。房内配齐全套家具、空调、电视、电话、光纤宽带、卫浴设施、床头和卫生间安装有呼叫系统、院区视频安全保障系统全覆盖。&lt;/div&gt;
              &lt;div align=&quot;left&quot;&gt;&lt;br /&gt;
                　　
                笔者还看到：院内健身活动区，环境优静，绿树成荫，道路四通八达，各项设施齐全，功能完备。室内有大小餐饮厅、医务室、康福按摩室、棋牌娱乐室，手工制作室、美工室、乒乓球室、理发室、超市、影音室、阅览室等；室外有门球场和各项健身器材。&lt;/div&gt;
              &lt;div align=&quot;left&quot;&gt;&lt;br /&gt;
                　　
                据院里工作人员艾女士介绍：该院占地100余亩，总投资5000多万元，建筑面积二万四千多平方米，床位有600余张。自去年11月底开院以来，有100多位留守空巢老人入住本院。&lt;/div&gt;
              &lt;div align=&quot;left&quot;&gt;&lt;br /&gt;
                　　
                该养老院，是湖北省首家实行公建民营管理模式的养老敬老服务机构，有一支优质的服务队伍，随时为每位老人提供周到细致的服务，是老年朋友们颐养天年的理想之地！&lt;/div&gt;
              &lt;p&gt;&amp;nbsp;&lt;/p&gt;
             &lt;/table&gt;</description>
        <pubDate>Fri, 29 Aug 2014 00:00:00 +0800</pubDate>
        <link>http://yourdomain.com/web/yingchengxintianshehuifulizhongxin/index.html</link>
        <guid isPermaLink="true">http://yourdomain.com/web/yingchengxintianshehuifulizhongxin/index.html</guid>
        
        
      </item>
    
  </channel>
</rss>
